{
  "tips": [
    {
      "id": 1,
      "title": "Поза с переносом веса на одну ногу",
      "image": "body1.jpeg",
      "content": [
        "Перенесите вес на одну ногу, слегка согнув другую. Это придаст вашей позе непринужденность и естественность, создавая элегантный и расслабленный образ. Держите плечи расслабленными, а руки свободными или на бедрах."
      ]
    },
    {
      "id": 2,
      "title": "Поворот тела для динамики",
      "image": "body2.jpeg",
      "content": [
        "Поверните тело немного в сторону, оставляя лицо повернутым к камере. Это добавит динамики и интереса вашему образу. Держите спину прямо, а плечи расслабленными для естественной и уверенной позы."
      ]
    },
    {
      "id": 3,
      "title": "Руки на бедрах",
      "image": "body3.jpeg",
      "content": [
        "Встаньте прямо, положив руки на бедра. Это создаст уверенный и собранный образ, подчеркивая вашу осанку и стройность. Разверните плечи назад и держите голову высоко, чтобы поза выглядела сильной и уверенной."
      ]
    },
    {
      "id": 4,
      "title": "Одна нога впереди",
      "image": "body4.jpeg",
      "content": [
        "Поставьте одну ногу чуть впереди другой, создавая ощущение движения и динамики. Держите вес на задней ноге для баланса. Это поможет создать более интересную и активную композицию."
      ]
    },
    {
      "id": 5,
      "title": "Наклон тела вперед",
      "image": "body5.jpeg",
      "content": [
        "Наклоните тело немного вперед, сохраняя спину прямой. Это добавит глубины и интерактивности вашему образу. Руки могут быть расслаблены или взаимодействовать с предметами, чтобы добавить естественности."
      ]
    }
  ]
}