{
  "tips": [
    {
      "id": 1,
      "title": "Правильное освещение:",
      "image": "head1.jpeg",
      "content": [
        "Освещение играет важную роль в портретной фотографии. Используйте мягкий, естественный свет для избежания жестких теней на лице. Если вы находитесь в помещении, попробуйте использовать окно как источник света."
      ]
    },
    {
      "id": 2,
      "title": "Фокус на глазах:",
      "image": "head2.jpeg",
      "content": [
        "Глаза - это “зеркало души”, и они должны быть основным фокусом при фотографировании головы. Убедитесь, что глаза четко сфокусированы, это придаст вашему портрету жизнь."
      ]
    },
    {
      "id": 3,
      "title": "Правильный угол:",
      "image": "head3.jpeg",
      "content": [
        "Угол съемки может существенно изменить восприятие лица. Съемка с уровня глаз обычно работает хорошо, но не бойтесь экспериментировать. Съемка сверху вниз может быть льстивой, а съемка снизу вверх может добавить драматизма."
      ]
    },
    {
      "id": 4,
      "title": "Выбор фона:",
      "image": "head4.jpeg",
      "content": [
        "Фон может сильно повлиять на общее впечатление от фотографии. Выберите простой, нейтральный фон, чтобы акцентировать внимание на лице. Избегайте беспорядочных или отвлекающих фонов."
      ]
    },
    {
      "id": 5,
      "title": "Экспрессия лица:",
      "image": "head5.jpeg",
      "content": [
        "Экспрессия лица человека может рассказать историю. Попросите модель расслабиться и быть естественной. Попробуйте зафиксировать различные эмоции для создания интересных и выразительных портретов."
      ]
    }
  ]
}