{
  "tips": [
    {
      "id": 1,
      "title": "Используйте правило третей",
      "image": "composition1.jpeg",
      "content": [
        "Разделите кадр на девять равных частей с помощью двух горизонтальных и двух вертикальных линий. Расположите важные элементы вдоль этих линий или на их пересечениях. Это поможет создать сбалансированную и привлекательную композицию."
      ]
    },
    {
      "id": 2,
      "title": "Создайте глубину с помощью переднего и заднего планов",
      "image": "composition2.jpeg",
      "content": [
        "Добавьте элементы на передний, средний и задний планы, чтобы создать ощущение глубины. Это придаст вашим фотографиям трехмерность и сделает их более интересными. Используйте широкий угол, чтобы захватить больше элементов."
      ]
    },
    {
      "id": 3,
      "title": "Ведущие линии",
      "image": "composition3.jpeg",
      "content": [
        "Ищите линии в кадре, которые направляют взгляд зрителя к главному объекту. Это могут быть дороги, реки, ограждения или тени. Ведущие линии помогают создать динамику и направить внимание на важные элементы композиции."
      ]
    },
    {
      "id": 4,
      "title": "Симметрия и баланс",
      "image": "composition4.jpeg",
      "content": [
        "Используйте симметрию, чтобы создать гармоничную и сбалансированную композицию. Симметричные кадры часто выглядят эстетически приятно. Также старайтесь сбалансировать кадр по цвету и форме, чтобы он выглядел уравновешенно."
      ]
    },
    {
      "id": 5,
      "title": "Используйте кадрирование в кадре",
      "image": "composition5.jpeg",
      "content": [
        "Ищите естественные элементы, которые могут обрамить ваш главный объект. Это могут быть арки, окна, ветви деревьев и другие элементы. Кадрирование в кадре помогает выделить основной объект и придать снимку глубину и фокус."
      ]
    }
  ]
}