[
  {
    "id": 1,
    "image": "photo1.png",
    "description": "Сидящая поза на стуле. Эта поза идеально подходит для портретных съемок, подчеркивая расслабленность и естественность модели. Убедитесь, что модель сидит прямо, а руки находятся в удобном положении, например, на коленях или подлокотниках."
  },
  {
    "id": 2,
    "image": "photo2.png",
    "description": "Расслабленная поза лежа. Отличный выбор для создания уютной и непринужденной атмосферы. Попросите модель лечь на бок или спину, при этом можно использовать подушку или плед для дополнительного комфорта."
  },
  {
    "id": 3,
    "image": "photo3.png",
    "description": "Стоящая поза с опорой на стену. Эта поза создает эффект уверенности и расслабленности. Модель может опираться спиной или плечом на стену, руки можно разместить на бедрах или скрестить на груди."
  },
  {
    "id": 4,
    "image": "photo4.png",
    "description": "Поза с вытянутыми руками вверх. Подходит для съемок на природе или в студии с высоким потолком. Вытянутые руки создают ощущение свободы и легкости, акцентируя внимание на силуэте модели."
  },
  {
    "id": 5,
    "image": "photo5.png",
    "description": "Профильная поза с рукой на бедре. Эта поза подчеркивает контуры лица и тела модели, создавая эффект элегантности и утонченности. Проследите, чтобы модель слегка повернула голову в сторону камеры."
  },
  {
    "id": 6,
    "image": "photo6.png",
    "description": "Поза сидя на полу. Отлично подходит для создания домашней и уютной атмосферы. Модель может сидеть со скрещенными ногами или вытянутыми вперед, а руки можно разместить на коленях или подпирать подбородок."
  },
  {
    "id": 7,
    "image": "photo7.png",
    "description": "Поза с поднятой ногой. Эта динамичная поза привносит движение и энергию в кадр. Модель может опираться на одну ногу, а другую поднимать, согнув в колене, руки можно разместить на бедрах или в карманах."
  },
  {
    "id": 8,
    "image": "photo8.png",
    "description": "Поза с наклоном вперед. Подходит для съемок в природных условиях или в студии. Модель слегка наклоняется вперед, руки можно разместить на коленях или на земле. Эта поза подчеркивает фигуру и создаёт интересные линии в кадре."
  },
  {
    "id": 9,
    "image": "photo9.png",
    "description": "Поза с опорой на руки. Модель может сидеть или лежать, опираясь на руки за спиной. Эта поза выглядит естественно и расслабленно, создавая комфортную и непринужденную атмосферу."
  },
  {
    "id": 10,
    "image": "photo10.png",
    "description": "Поза стоя с одной рукой на бедре. Подчеркивает уверенность и стиль модели. Вторая рука может быть опущена вдоль тела или слегка согнута. Эта поза идеально подходит для модных съемок или портретов."
  }
]