{
  "tips": [
    {
      "id": 1,
      "title": "Перекрестите ноги для элегантности",
      "image": "legs1.jpeg",
      "content": [
        "Стоя, перекрестите одну ногу перед другой. Это придаст вашему образу элегантность и утонченность, создавая более стройную и привлекательную позу. Держите спину прямо, чтобы подчеркнуть общий силуэт."
      ]
    },
    {
      "id": 2,
      "title": "Одна нога впереди для динамики",
      "image": "legs2.jpeg",
      "content": [
        "Встаньте так, чтобы одна нога была чуть впереди другой. Это добавит динамики в ваш образ и сделает его более интересным. Держите вес на задней ноге, чтобы поза выглядела естественно и сбалансированно."
      ]
    },
    {
      "id": 3,
      "title": "Сядьте с одной ногой на другую",
      "image": "legs3.jpeg",
      "content": [
        "Сядьте и положите одну ногу на другую. Это создаст расслабленный и уверенный образ, подчеркивая вашу осанку и стиль. Держите спину прямо и расслабьте плечи, чтобы поза выглядела комфортно."
      ]
    },
    {
      "id": 4,
      "title": "Опора на одну ногу",
      "image": "legs4.jpeg",
      "content": [
        "Стоя, перенесите вес на одну ногу, а другую слегка согните в колене. Это создаст непринужденный и естественный образ. Держите руки расслабленными, чтобы поза выглядела гармонично."
      ]
    },
    {
      "id": 5,
      "title": "Ноги вместе для классического образа",
      "image": "legs5.jpeg",
      "content": [
        "Встаньте, держа ноги вместе. Это придаст вашему образу классический и собранный вид. Держите спину прямо и руки по бокам или на бедрах, чтобы поза выглядела уверенно и стильно."
      ]
    }
  ]
}